dpoh_name_raw,gpt_cleaned_name
Aaron Gairdner,Aaron Gairdner
AARON GAIRDNER,Aaron Gairdner
Aaron Gairdiner,Aaron Gairdner
Aaron Gairdener,Aaron Gairdner
Aaron Gardener,Aaron Gairdner
AARON GARDINER,Aaron Gairdner
AAron Gairdner,Aaron Gairdner
Aaron Gardiner,Aaron Gairdner
Aaron Gartner,Aaron Gairdner
Aaron Gaidner,Aaron Gairdner
Aaron Gardner,Aaron Gairdner
Aaron Gaurdber,Aaron Gairdner
Aaron Garnder,Aaron Gairdner
Aaron Gardinar,Aaron Gairdner
Aaron Gadner,Aaron Gairdner
Aaron Gairdnew,Aaron Gairdner
